{
    "financial-services": {
        "sectorWeights": [
            0.20000000000002735,
            0.20000000000002735,
            0.20000000000002735,
            0.20000000000002735,
            0.20000000000002735
        ],
        "sectorCount": 8030,
        "industries": {
            "capital-markets": {
                "weights": [
                    0.20000000000001175,
                    0.20000000000001175,
                    0.20000000000001175,
                    0.20000000000001175,
                    0.20000000000001175
                ],
                "count": 2190
            },
            "credit-services": {
                "weights": [
                    0.19999999999999896,
                    0.19999999999999896,
                    0.19999999999999896,
                    0.19999999999999896,
                    0.19999999999999896
                ],
                "count": 2920
            },
            "financial-data-stock-exchanges": {
                "weights": [
                    0.19999999999999116,
                    0.19999999999999116,
                    0.19999999999999116,
                    0.19999999999999116,
                    0.19999999999999116
                ],
                "count": 730
            },
            "banks-diversified": {
                "weights": [
                    0.20000000000000784,
                    0.20000000000000784,
                    0.20000000000000784,
                    0.20000000000000784,
                    0.20000000000000784
                ],
                "count": 1460
            },
            "insurance-diversified": {
                "weights": [
                    0.20000000000001794,
                    0.20000000000001794,
                    0.20000000000001794,
                    0.20000000000001794,
                    0.20000000000001794
                ],
                "count": 730
            }
        }
    },
    "ETF": {
        "sectorWeights": [
            0.19999999999997475,
            0.19999999999997475,
            0.19999999999997475,
            0.19999999999997475,
            0.19999999999997475
        ],
        "sectorCount": 13870,
        "industries": {
            "Unknown": {
                "weights": [
                    0.19999999999997475,
                    0.19999999999997475,
                    0.19999999999997475,
                    0.19999999999997475,
                    0.19999999999997475
                ],
                "count": 13870
            }
        }
    },
    "technology": {
        "sectorWeights": [
            0.20000000000002555,
            0.20000000000002555,
            0.20000000000002555,
            0.20000000000002555,
            0.20000000000002555
        ],
        "sectorCount": 7300,
        "industries": {
            "semiconductors": {
                "weights": [
                    0.20000000000001175,
                    0.20000000000001175,
                    0.20000000000001175,
                    0.20000000000001175,
                    0.20000000000001175
                ],
                "count": 2190
            },
            "software-application": {
                "weights": [
                    0.19999999999999485,
                    0.19999999999999485,
                    0.19999999999999485,
                    0.19999999999999485,
                    0.19999999999999485
                ],
                "count": 1460
            },
            "software-infrastructure": {
                "weights": [
                    0.20000000000001594,
                    0.20000000000001594,
                    0.20000000000001594,
                    0.20000000000001594,
                    0.20000000000001594
                ],
                "count": 2190
            },
            "computer-hardware": {
                "weights": [
                    0.19999999999999174,
                    0.19999999999999174,
                    0.19999999999999174,
                    0.19999999999999174,
                    0.19999999999999174
                ],
                "count": 730
            },
            "consumer-electronics": {
                "weights": [
                    0.20000000000002016,
                    0.20000000000002016,
                    0.20000000000002016,
                    0.20000000000002016,
                    0.20000000000002016
                ],
                "count": 730
            }
        }
    },
    "utilities": {
        "sectorWeights": [
            0.1999999999999927,
            0.1999999999999927,
            0.1999999999999927,
            0.1999999999999927,
            0.1999999999999927
        ],
        "sectorCount": 2194,
        "industries": {
            "utilities-regulated-electric": {
                "weights": [
                    0.19999999999999485,
                    0.19999999999999485,
                    0.19999999999999485,
                    0.19999999999999485,
                    0.19999999999999485
                ],
                "count": 1462
            },
            "utilities-diversified": {
                "weights": [
                    0.19999999999999174,
                    0.19999999999999174,
                    0.19999999999999174,
                    0.19999999999999174,
                    0.19999999999999174
                ],
                "count": 732
            }
        }
    },
    "industrials": {
        "sectorWeights": [
            0.20000000000001708,
            0.20000000000001708,
            0.20000000000001708,
            0.20000000000001708,
            0.20000000000001708
        ],
        "sectorCount": 5110,
        "industries": {
            "farm-heavy-construction-machinery": {
                "weights": [
                    0.19999999999999485,
                    0.19999999999999485,
                    0.19999999999999485,
                    0.19999999999999485,
                    0.19999999999999485
                ],
                "count": 1460
            },
            "aerospace-defense": {
                "weights": [
                    0.19999999999998982,
                    0.19999999999998982,
                    0.19999999999998982,
                    0.19999999999998982,
                    0.19999999999998982
                ],
                "count": 2190
            },
            "integrated-freight-logistics": {
                "weights": [
                    0.2000000000000011,
                    0.2000000000000011,
                    0.2000000000000011,
                    0.2000000000000011,
                    0.2000000000000011
                ],
                "count": 1460
            }
        }
    },
    "consumer-cyclical": {
        "sectorWeights": [
            0.20000000000002333,
            0.20000000000002333,
            0.20000000000002333,
            0.20000000000002333,
            0.20000000000002333
        ],
        "sectorCount": 6570,
        "industries": {
            "restaurants": {
                "weights": [
                    0.2000000000000002,
                    0.2000000000000002,
                    0.2000000000000002,
                    0.2000000000000002,
                    0.2000000000000002
                ],
                "count": 730
            },
            "home-improvement-retail": {
                "weights": [
                    0.20000000000000034,
                    0.20000000000000034,
                    0.20000000000000034,
                    0.20000000000000034,
                    0.20000000000000034
                ],
                "count": 730
            },